Date,HSI,SI,PI,CI,DTI,CTI
2012-08-01,570,1047,954,1181,642,
2012-08-02,558,1032,931,1178,638,
2012-08-03,552,1023,910,1200,634,
2012-08-06,544,1010,890,1214,626,
2012-08-07,539,995,868,1237,623,
2012-08-08,538,982,840,1204,619,
2012-08-09,535,966,823,1192,615,
2012-08-10,531,946,814,1169,613,
2012-08-13,523,906,804,1158,612,
2012-08-14,512,886,803,1147,608,
2012-08-15,506,877,801,1120,604,
2012-08-16,502,865,801,1105,604,
2012-08-17,496,856,806,1095,606,
2012-08-20,490,847,819,1087,608,
2012-08-21,485,841,833,1082,610,
2012-08-22,481,838,843,1091,614,
2012-08-23,477,833,840,1103,617,
2012-08-24,474,833,828,1124,617,
2012-08-28,472,845,812,1182,618,
2012-08-29,466,853,788,1177,620,
2012-08-30,463,857,758,1169,622,
2012-08-31,459,858,735,1172,626,
2012-09-03,458,855,714,1180,627,
2012-09-04,456,857,686,1186,628,
2012-09-05,455,852,647,1188,626,
2012-09-06,457,849,617,1186,628,
2012-09-07,458,845,599,1186,631,
2012-09-10,461,837,582,1188,634,
2012-09-11,466,832,566,1187,637,
2012-09-12,471,827,545,1186,635,
2012-09-13,475,821,527,1198,634,
2012-09-14,477,825,502,1204,633,
2012-09-17,479,828,483,1219,634,
2012-09-18,480,834,474,1326,635,
2012-09-19,480,839,468,1421,637,
2012-09-20,482,843,468,1531,642,
2012-09-21,484,845,467,1584,643,
2012-09-24,486,850,461,1578,642,
2012-09-25,483,847,441,1568,640,
2012-09-26,479,847,426,1549,638,
2012-09-27,476,847,418,1548,640,
2012-09-28,472,844,425,1621,646,
2012-10-01,467,836,439,1660,649,
2012-10-02,454,830,463,1676,652,
2012-10-03,448,825,496,1738,656,
2012-10-04,445,818,544,1873,660,
2012-10-05,444,810,598,1932,664,
2012-10-08,444,802,647,1921,664,
2012-10-09,442,795,712,1829,662,
2012-10-10,442,791,784,1775,662,
2012-10-11,444,789,843,1833,663,
2012-10-12,444,787,871,1914,665,
2012-10-15,444,783,885,1960,667,
2012-10-16,443,776,904,2103,668,
2012-10-17,443,768,904,2162,668,
2012-10-18,444,754,895,2135,670,
2012-10-19,445,746,879,2217,672,
2012-10-22,445,740,861,2332,676,
2012-10-23,442,732,843,2587,680,
2012-10-24,440,721,825,2530,681,
2012-10-25,437,716,811,2432,683,
2012-10-26,434,712,804,2451,681,
2012-10-29,432,706,799,2460,678,
2012-10-30,430,699,792,2458,675,
2012-10-31,429,693,782,2419,672,
2012-11-01,426,689,770,2355,674,
2012-11-02,422,678,766,2304,672,
2012-11-05,419,671,757,2261,667,
2012-11-06,416,669,747,2186,659,
2012-11-07,412,662,737,2098,655,
2012-11-08,409,654,726,2119,662,
2012-11-09,407,647,722,2203,667,
2012-11-12,405,644,720,2283,680,
2012-11-13,405,649,732,2327,687,
2012-11-14,402,652,774,2375,700,
2012-11-15,403,653,846,2350,713,
2012-11-16,405,655,886,2347,715,
2012-11-19,407,664,902,2369,715,
2012-11-20,409,674,933,2367,723,
2012-11-21,416,687,963,2335,723,
2012-11-22,424,695,991,2318,725,
2012-11-23,431,706,1013,2288,723,
2012-11-26,434,716,1021,2277,723,
2012-11-27,438,724,1023,2275,721,
2012-11-28,442,732,1009,2275,719,
2012-11-29,446,742,994,2241,708,
2012-11-30,448,751,980,2199,705,
2012-12-03,448,760,973,2166,705,
2012-12-04,447,766,962,2095,703,
2012-12-05,446,772,949,2000,701,
2012-12-06,446,771,940,1897,702,
2012-12-07,447,768,936,1832,706,
2012-12-10,447,765,928,1762,707,
2012-12-11,447,760,914,1652,711,
2012-12-12,444,751,894,1446,724,
2012-12-13,443,751,871,1407,730,
2012-12-14,443,748,839,1440,741,
2012-12-17,444,746,815,1403,746,
2012-12-18,444,745,793,1315,754,
2012-12-19,444,742,765,1233,774,
2012-12-20,445,738,734,1226,779,
2012-12-21,446,738,710,1228,778,
2012-12-24,447,735,699,1235,774,
2013-01-02,446,732,685,1237,764,
2013-01-03,447,737,675,1254,696,
2013-01-04,446,739,670,1285,689,
2013-01-07,443,739,670,1319,679,
2013-01-08,442,739,682,1386,671,
2013-01-09,443,740,717,1384,663,
2013-01-10,443,741,754,1367,654,
2013-01-11,448,743,772,1367,646,
2013-01-14,451,745,774,1370,641,
2013-01-15,454,743,768,1365,637,
2013-01-16,457,740,754,1431,633,
2013-01-17,464,738,743,1573,631,
2013-01-18,470,735,740,1605,630,
2013-01-21,474,730,736,1604,630,
2013-01-22,477,728,729,1577,633,
2013-01-23,478,721,727,1564,632,
2013-01-24,478,713,723,1541,636,
2013-01-25,475,712,718,1520,647,
2013-01-28,472,711,713,1507,646,
2013-01-29,467,710,703,1491,637,
2013-01-30,461,695,690,1477,632,
2013-01-31,455,688,677,1468,636,
2013-02-01,449,684,664,1454,636,
2013-02-04,444,682,653,1461,635,
2013-02-05,438,681,651,1466,634,
2013-02-06,431,677,657,1484,632,
2013-02-07,425,674,695,1481,636,
2013-02-08,421,671,723,1461,638,
2013-02-11,418,669,737,1453,640,
2013-02-12,417,666,749,1448,643,
2013-02-13,414,668,782,1448,647,
2013-02-14,412,664,808,1429,655,
2013-02-15,412,667,832,1434,657,
2013-02-18,411,672,845,1408,661,
2013-02-19,411,679,859,1377,659,
2013-02-20,410,687,875,1355,658,
2013-02-21,411,695,892,1344,669,
2013-02-22,412,705,909,1335,673,
2013-02-25,414,717,922,1323,677,
2013-02-26,419,724,939,1291,683,
2013-02-27,426,734,961,1264,686,
2013-02-28,436,745,990,1249,692,
2013-03-01,447,764,1036,1243,697,
2013-03-04,454,781,1058,1239,700,
2013-03-05,466,801,1080,1246,696,
2013-03-06,472,818,1090,1251,690,
2013-03-07,478,837,1112,1260,686,
2013-03-08,483,852,1124,1262,681,
2013-03-11,485,864,1128,1260,674,
2013-03-12,486,876,1131,1314,666,
2013-03-13,490,889,1138,1314,661,
2013-03-14,494,903,1147,1302,661,
2013-03-15,506,913,1162,1299,669,
2013-03-18,513,925,1172,1295,663,
2013-03-19,522,937,1184,1290,662,
2013-03-20,532,950,1190,1294,659,
2013-03-21,539,959,1202,1290,664,
2013-03-22,542,968,1208,1284,671,
2013-03-25,543,978,1210,1284,677,
2013-03-26,545,981,1204,1275,675,
2013-03-27,547,977,1191,1258,669,
2013-03-28,547,965,1176,1249,663,
2013-04-02,543,944,1155,1229,661,
2013-04-03,537,933,1129,1209,658,
2013-04-04,529,924,1106,1209,659,
2013-04-05,525,915,1094,1215,677,
2013-04-08,523,912,1084,1223,707,
2013-04-09,518,907,1077,1236,712,
2013-04-10,518,902,1080,1250,709,
2013-04-11,521,900,1095,1257,702,
2013-04-12,526,901,1112,1265,682,
2013-04-15,528,902,1125,1257,674,
2013-04-16,531,902,1143,1251,663,
2013-04-17,537,900,1167,1245,638,
2013-04-18,538,899,1180,1238,630,
2013-04-19,539,898,1196,1234,632,
2013-04-22,540,902,1202,1230,634,
2013-04-23,540,902,1193,1220,638,
2013-04-24,543,903,1165,1214,638,
2013-04-25,544,905,1121,1220,626,
2013-04-26,545,904,1082,1246,622,
2013-04-29,545,900,1058,1260,623,
2013-04-30,544,895,1028,1273,621,
2013-05-01,545,888,1018,1279,619,
2013-05-02,546,884,1010,1322,623,
2013-05-03,546,880,1006,1344,623,
2013-05-07,546,876,999,1393,622,
2013-05-08,548,874,995,1408,620,
2013-05-09,551,872,995,1398,616,
2013-05-10,551,869,994,1382,620,
2013-05-13,553,866,993,1370,617,
2013-05-14,555,861,988,1360,615,
2013-05-15,555,857,974,1338,615,
2013-05-16,554,854,951,1334,614,
2013-05-17,553,853,930,1326,611,
2013-05-20,555,851,917,1317,612,
2013-05-21,554,852,899,1321,609,
2013-05-22,552,851,880,1333,605,
2013-05-23,551,853,863,1339,603,
2013-05-24,546,855,854,1350,604,
2013-05-28,545,857,838,1346,606,
2013-05-29,543,858,821,1348,609,
2013-05-30,537,859,806,1339,614,
2013-05-31,533,865,795,1336,614,
2013-06-03,529,871,786,1333,612,
2013-06-04,526,873,776,1338,610,
2013-06-05,521,877,768,1335,609,
2013-06-06,521,880,764,1344,608,
2013-06-07,524,885,764,1352,605,
2013-06-10,525,889,766,1359,602,
2013-06-11,525,890,777,1379,603,
2013-06-12,525,892,808,1427,601,
2013-06-13,528,895,833,1484,594,
2013-06-14,533,895,859,1537,590,
2013-06-17,539,900,878,1588,587,
2013-06-18,544,900,892,1674,586,
2013-06-19,547,903,909,1757,583,
2013-06-20,548,909,920,1792,580,
2013-06-21,552,916,927,1822,580,
2013-06-24,552,923,937,1912,584,
2013-06-25,552,930,959,1959,583,
2013-06-26,554,937,976,2061,580,
2013-06-27,558,944,994,2120,577,
2013-06-28,564,950,1007,2165,577,
2013-07-01,566,954,1014,2176,577,
2013-07-02,569,954,1016,2134,580,
2013-07-03,569,952,1017,2020,587,
2013-07-04,568,943,1012,1936,589,
2013-07-05,568,932,1008,1929,598,
2013-07-08,568,924,1002,1977,603,
2013-07-09,566,920,1006,2012,606,
2013-07-10,564,911,1024,2037,609,
2013-07-11,561,904,1062,2047,611,
2013-07-12,561,901,1097,2058,613,
2013-07-15,560,897,1118,2052,612,
2013-07-16,559,894,1136,2044,611,
2013-07-17,556,895,1153,2034,609,
2013-07-18,550,894,1165,2006,617,
2013-07-19,544,897,1172,1987,630,
2013-07-22,541,898,1170,1978,650,
2013-07-23,539,902,1159,1956,650,
2013-07-24,539,907,1145,1936,649,
2013-07-25,535,914,1123,1890,646,
2013-07-26,534,917,1104,1873,650,
2013-07-29,534,917,1090,1864,653,
2013-07-30,532,919,1075,1856,650,
2013-07-31,531,916,1057,1881,638,
2013-08-01,530,912,1041,1935,624,
2013-08-02,529,909,1021,1950,618,
2013-08-05,527,908,1009,1939,618,
2013-08-06,526,908,992,1907,618,
2013-08-07,525,907,977,1853,618,
2013-08-08,522,911,962,1829,621,
2013-08-09,521,913,948,1813,629,
2013-08-12,518,911,940,1805,632,
2013-08-13,516,910,933,1846,631,
2013-08-14,518,909,928,2021,631,
2013-08-15,517,910,926,2099,642,
2013-08-16,517,913,923,2112,645,
2013-08-19,519,916,917,2140,644,
2013-08-20,520,917,912,2218,647,
2013-08-21,522,919,905,2268,653,
2013-08-22,525,920,904,2284,663,
2013-08-23,528,925,903,2312,663,
2013-08-27,531,927,904,2335,658,
2013-08-28,531,929,901,2284,645,
2013-08-29,530,934,904,2256,642,
2013-08-30,531,937,907,2243,630,
2013-09-02,534,939,912,2263,622,
2013-09-03,534,939,921,2344,618,
2013-09-04,535,939,933,2445,608,
2013-09-05,534,943,961,2660,604,
2013-09-06,537,952,1020,2799,598,
2013-09-09,540,959,1105,3113,593,
2013-09-10,542,965,1186,3255,587,
2013-09-11,543,958,1241,3431,583,
2013-09-12,545,954,1278,3397,583,
2013-09-13,544,946,1306,3446,585,
2013-09-16,547,940,1321,3480,583,
2013-09-17,548,936,1349,3691,582,
2013-09-18,549,934,1385,3838,582,
2013-09-19,554,942,1415,3924,580,
2013-09-20,558,951,1453,4018,580,
2013-09-23,561,964,1509,4111,589,
2013-09-24,567,971,1602,4253,585,
2013-09-25,576,986,1745,4329,586,
2013-09-26,585,1012,1794,4193,588,
2013-09-27,594,1046,1800,3967,587,
2013-09-30,597,1069,1795,3853,586,
2013-10-01,597,1079,1786,3816,584,
2013-10-02,599,1087,1813,3810,586,
2013-10-03,602,1093,1862,3878,587,
2013-10-04,609,1101,1914,3943,594,
2013-10-07,618,1113,1947,4020,601,
2013-10-08,622,1127,1989,4085,599,
2013-10-09,629,1145,2016,3959,601,
2013-10-10,630,1162,2027,3621,595,
2013-10-11,632,1175,2024,3527,591,
2013-10-14,634,1182,2020,3455,587,
2013-10-15,637,1185,2021,3469,586,
2013-10-16,634,1186,2030,3478,589,
2013-10-17,632,1199,2059,3451,607,
2013-10-18,634,1206,2060,3264,617,
2013-10-21,635,1213,2054,3200,621,
2013-10-22,636,1221,2038,3110,621,
2013-10-23,639,1228,2010,2943,617,
2013-10-24,644,1243,1959,2775,614,
2013-10-25,649,1252,1904,2681,596,
2013-10-28,653,1258,1855,2526,600,
2013-10-29,656,1260,1790,2340,599,
2013-10-30,660,1266,1716,2164,596,
2013-10-31,665,1268,1667,2245,591,
2013-11-01,669,1269,1631,2316,595,
2013-11-04,673,1273,1612,2400,604,
2013-11-05,678,1280,1617,2553,608,
2013-11-06,681,1285,1614,2554,615,
2013-11-07,685,1291,1594,2533,623,
2013-11-08,690,1305,1565,2514,631,
2013-11-11,692,1315,1542,2506,635,
2013-11-12,693,1320,1510,2473,635,
2013-11-13,696,1321,1474,2455,639,
2013-11-14,699,1325,1438,2397,643,
2013-11-15,703,1339,1409,2377,647,
2013-11-18,705,1354,1382,2366,642,
2013-11-19,708,1360,1353,2366,647,
2013-11-20,715,1363,1346,2511,650,
2013-11-21,721,1371,1345,2447,655,
2013-11-22,728,1378,1362,2390,652,
2013-11-25,732,1393,1387,2391,652,
2013-11-26,737,1404,1427,2399,652,
2013-11-27,745,1418,1510,2496,653,
2013-11-28,757,1441,1613,2848,666,
2013-11-29,764,1458,1665,3089,673,
2013-12-02,771,1475,1695,3194,674,
2013-12-03,776,1488,1741,3316,680,
2013-12-04,782,1507,1795,3481,694,
2013-12-05,786,1522,1867,3843,699,
2013-12-06,789,1531,1923,3842,709,
2013-12-09,792,1552,1955,3831,740,
2013-12-10,796,1557,1997,4011,759,
2013-12-11,803,1554,2050,4210,780,
2013-12-12,810,1560,2085,4291,795,
2013-12-13,814,1562,2096,4246,804,
2013-12-16,817,1553,2082,4065,823,
2013-12-17,821,1546,2025,3818,829,
2013-12-18,820,1541,1946,3638,853,
2013-12-19,818,1517,1883,3596,870,
2013-12-20,811,1499,1858,3875,897,
2013-12-23,805,1482,1835,3996,932,
2013-12-24,801,1468,1825,4078,997,
2014-01-02,773,1453,1780,3733,997,
2014-01-03,763,1330,1750,3531,1021,
2014-01-06,750,1276,1724,3287,1026,
2014-01-07,744,1239,1692,3017,1006,
2014-01-08,741,1204,1672,2818,1014,
2014-01-09,735,1191,1645,2500,1026,
2014-01-10,730,1188,1621,2101,1041,
2014-01-13,726,1190,1598,1857,1051,
2014-01-14,725,1191,1580,1832,1053,
2014-01-15,724,1189,1572,1862,1090,
2014-01-16,722,1182,1570,1929,1142,
2014-01-17,719,1175,1564,2026,1222,
2014-01-20,719,1165,1552,2082,1273,
2014-01-21,715,1154,1530,1973,1344,
2014-01-22,715,1141,1496,1880,1340,
2014-01-23,715,1130,1468,1775,1323,
2014-01-24,712,1121,1437,1723,1243,
2014-01-27,708,1112,1413,1673,1186,
2014-01-28,705,1098,1387,1577,1132,
2014-01-29,700,1079,1369,1531,1099,
2014-01-30,691,1056,1347,1527,1065,
2014-01-31,684,1018,1337,1524,1037,
2014-02-03,682,996,1326,1516,1005,
2014-02-04,681,975,1313,1513,958,
2014-02-05,677,961,1307,1544,926,
2014-02-06,676,948,1307,1575,890,
2014-02-07,674,937,1304,1588,866,
2014-02-10,669,929,1305,1611,853,
2014-02-11,667,929,1322,1581,852,
2014-02-12,665,928,1324,1548,846,
2014-02-13,668,938,1313,1557,829,
2014-02-14,671,965,1311,1554,818,
2014-02-17,676,998,1308,1625,811,
2014-02-18,677,1026,1298,1667,802,
2014-02-19,678,1049,1282,1690,783,
2014-02-20,676,1068,1261,1680,772,
2014-02-21,677,1087,1244,1701,770,
2014-02-24,679,1098,1222,1707,761,
2014-02-25,679,1096,1187,1775,753,
2014-02-26,674,1096,1154,1912,750,
2014-02-27,673,1097,1123,2049,741,
2014-02-28,669,1100,1099,2084,737,
2014-03-03,666,1103,1080,2180,726,
2014-03-04,662,1107,1062,2326,717,
2014-03-05,661,1115,1053,2596,711,
2014-03-06,663,1116,1056,2830,702,
2014-03-07,663,1122,1075,2980,695,
2014-03-10,663,1131,1088,3023,689,
2014-03-11,666,1137,1104,3045,692,
2014-03-12,668,1149,1102,2600,681,
2014-03-13,668,1159,1106,2654,678,
2014-03-14,671,1173,1113,2677,676,
2014-03-17,671,1183,1116,2691,679,
2014-03-18,668,1191,1118,2818,682,
2014-03-19,667,1198,1120,2982,695,
2014-03-20,671,1200,1120,3129,699,
2014-03-21,674,1205,1112,3036,711,
2014-03-24,676,1209,1107,3055,712,
2014-03-25,676,1207,1088,2993,712,
2014-03-26,672,1201,1062,2761,711,
2014-03-27,659,1180,1018,2579,711,
2014-03-28,649,1139,978,2557,709,
2014-03-31,642,1115,942,2573,705,
2014-04-01,632,1090,897,2505,700,
2014-04-02,621,1068,867,2418,694,
2014-04-03,610,1047,836,2343,691,
2014-04-04,598,1025,822,2306,688,
2014-04-07,588,1003,812,2293,696,
2014-04-08,580,982,801,2029,696,
2014-04-09,571,965,794,1946,691,
2014-04-10,562,949,787,1865,693,
2014-04-11,556,936,782,1789,692,
2014-04-14,549,927,778,1765,693,
2014-04-15,543,921,777,1724,690,
2014-04-16,536,916,792,1613,693,
2014-04-17,533,909,812,1591,686,
2014-04-22,528,908,828,1616,677,
2014-04-23,524,909,840,1674,673,
2014-04-24,520,911,852,1692,666,
2014-04-25,517,909,864,1696,658,
2014-04-28,517,912,868,1668,657,
2014-04-29,515,916,872,1613,655,
2014-04-30,513,922,871,1600,651,
2014-05-01,514,919,871,1716,648,
2014-05-02,510,915,865,1829,644,
2014-05-06,510,915,866,1691,647,
2014-05-07,509,917,869,1681,648,
2014-05-08,508,920,879,1613,655,
2014-05-09,506,918,898,1541,665,
2014-05-12,504,909,910,1483,664,
2014-05-13,502,905,933,1453,661,
2014-05-14,497,904,969,1496,658,
2014-05-15,490,904,1016,1546,657,
2014-05-16,485,901,1041,1530,656,
2014-05-19,483,899,1054,1494,652,
2014-05-20,482,896,1061,1431,649,
2014-05-21,480,891,1056,1354,651,
2014-05-22,480,884,1028,1302,669,
2014-05-23,480,872,1001,1358,684,
2014-05-27,481,866,971,1457,691,
2014-05-28,481,855,940,1405,682,
2014-05-29,484,846,904,1379,674,
2014-05-30,485,839,872,1395,667,
2014-06-02,485,830,846,1429,657,
2014-06-03,485,829,816,1545,651,
2014-06-04,484,829,786,1604,641,
2014-06-05,482,821,758,1689,635,
2014-06-06,481,811,727,1793,630,
2014-06-09,478,802,713,1846,635,
2014-06-10,475,797,699,1903,636,
2014-06-11,469,787,678,1864,637,
2014-06-12,465,774,635,1792,637,
2014-06-13,459,760,582,1730,635,
2014-06-16,450,748,542,1695,641,
2014-06-17,446,740,514,1676,641,
2014-06-18,443,724,492,1767,650,
2014-06-19,442,715,474,1919,672,
2014-06-20,441,708,461,1950,712,
2014-06-23,440,704,452,1896,715,
2014-06-24,438,701,446,1848,717,
2014-06-25,433,694,433,1799,717,
2014-06-26,427,687,423,1748,717,
2014-06-27,420,679,419,1773,723,
2014-06-30,413,678,423,1871,721,
2014-07-01,409,675,446,2045,724,
2014-07-02,408,676,485,1999,728,
2014-07-03,404,677,557,1935,747,
2014-07-04,403,680,640,1864,750,
2014-07-07,402,682,680,1808,741,
2014-07-08,400,686,704,1755,736,
2014-07-09,397,687,710,1648,739,
2014-07-10,393,684,702,1523,752,
2014-07-11,390,681,679,1465,774,
2014-07-14,385,679,666,1422,786,
2014-07-15,380,675,644,1377,796,
2014-07-16,377,671,621,1289,820,
2014-07-17,373,666,603,1248,884,
2014-07-18,372,660,586,1235,896,
2014-07-21,369,659,576,1194,906,
2014-07-22,364,659,576,1191,918,
2014-07-23,361,661,584,1198,955,
2014-07-24,358,661,596,1201,946,
2014-07-25,357,666,606,1193,931,
2014-07-28,358,679,616,1187,891,
2014-07-29,357,684,624,1195,862,
2014-07-30,356,688,625,1200,848,
2014-07-31,355,704,619,1195,842,
2014-08-01,357,716,611,1176,833,
2014-08-04,356,728,610,1178,826,
2014-08-05,357,740,609,1163,815,
2014-08-06,358,753,609,1153,800,
2014-08-07,360,767,616,1150,794,
2014-08-08,363,785,624,1166,811,
2014-08-11,366,804,634,1197,807,
2014-08-12,370,819,651,1350,793,
2014-08-13,373,829,674,1546,762,
2014-08-14,376,845,739,1882,753,
2014-08-15,382,861,803,2151,748,
2014-08-18,387,877,836,2254,747,
2014-08-19,394,889,837,2256,749,
2014-08-20,399,902,828,2380,759,
2014-08-21,406,912,818,2578,768,
2014-08-22,413,925,812,2535,761,
2014-08-26,420,937,808,2430,759,
2014-08-27,427,944,811,2366,742,
2014-08-28,437,952,842,2551,735,
2014-08-29,442,963,871,2627,722,
2014-09-01,450,970,888,2606,699,
2014-09-02,456,977,903,2568,693,
2014-09-03,462,983,919,2489,687,
2014-09-04,466,988,927,2464,682,
2014-09-05,469,993,931,2483,677,
2014-09-08,472,997,940,2519,674,
2014-09-09,472,995,940,2596,665,
2014-09-10,474,1001,916,2602,660,
2014-09-11,476,1003,895,2570,652,
2014-09-12,477,1000,875,2546,645,
2014-09-15,479,1006,860,2523,640,
2014-09-16,484,1016,843,2442,635,
2014-09-17,488,1028,829,2342,630,
2014-09-18,494,1031,819,2192,625,
2014-09-19,498,1030,814,2112,615,
2014-09-22,505,1029,809,2118,612,
2014-09-23,513,1032,800,2077,607,
2014-09-24,521,1041,798,1967,604,
2014-09-25,525,1045,799,1837,605,
2014-09-26,526,1046,807,1852,608,
2014-09-29,528,1053,812,1922,611,
2014-09-30,529,1054,826,1915,613,
2014-10-01,531,1051,854,1853,623,
2014-10-02,531,1045,878,1788,639,
2014-10-03,530,1033,887,1758,639,
2014-10-06,530,1028,889,1735,645,
2014-10-07,528,1017,884,1698,649,
2014-10-08,523,1007,869,1632,657,
2014-10-09,520,993,864,1580,664,
2014-10-10,516,980,865,1544,674,
2014-10-13,513,970,868,1521,678,
2014-10-14,510,959,885,1485,683,
2014-10-15,506,952,909,1376,689,
2014-10-16,503,944,940,1315,694,
2014-10-17,501,933,966,1362,698,
2014-10-20,498,923,995,1512,700,
2014-10-21,498,916,1032,2003,702,
2014-10-22,496,911,1066,2186,703,
2014-10-23,491,907,1099,2258,699,
2014-10-24,489,906,1121,2422,699,
2014-10-27,485,900,1137,2852,716,
2014-10-28,481,899,1172,3436,735,
2014-10-29,476,898,1202,3560,754,
2014-10-30,472,896,1222,3534,777,
2014-10-31,467,891,1233,3552,795,
2014-11-03,463,892,1241,3640,809,
2014-11-04,458,889,1238,3781,813,
2014-11-05,457,888,1224,3702,820,
2014-11-06,455,888,1205,3612,825,
2014-11-07,454,886,1183,3661,833,
2014-11-10,451,881,1168,3613,839,
2014-11-11,451,879,1150,3419,839,
2014-11-12,451,876,1133,3229,835,
2014-11-13,451,873,1112,2972,843,
2014-11-14,450,873,1089,2931,865,
2014-11-17,451,875,1069,2971,871,
2014-11-18,453,875,1061,3106,909,
2014-11-19,455,881,1055,3127,937,
2014-11-20,457,904,1053,3130,964,
2014-11-21,462,926,1055,3038,973,
2014-11-24,469,942,1059,2975,975,
2014-11-25,476,956,1064,2963,960,
2014-11-26,482,970,1073,2612,947,
2014-11-27,487,980,1099,2347,939,
2014-11-28,491,984,1120,2151,893,
2014-12-01,492,986,1124,2025,866,
2014-12-02,495,989,1119,1898,851,
2014-12-03,498,987,1108,1677,833,
2014-12-04,498,984,1097,1452,826,
2014-12-05,499,980,1088,1282,818,
2014-12-08,497,971,1081,1165,815,
2014-12-09,497,969,1066,1075,818,
2014-12-10,494,966,1047,979,824,
2014-12-11,492,960,1026,879,835,
2014-12-12,493,953,1001,763,842,
2014-12-15,493,950,980,659,857,
2014-12-16,495,947,961,617,871,
2014-12-17,496,942,945,571,886,
2014-12-18,496,932,929,517,888,
2014-12-19,497,925,907,488,881,
2014-12-22,495,917,891,480,877,
2014-12-23,495,906,872,472,872,
2014-12-24,495,897,856,474,862,
2015-01-02,488,887,827,456,862,
2015-01-05,482,884,811,442,885,
2015-01-06,479,873,794,432,884,
2015-01-07,466,861,780,397,884,
2015-01-08,455,843,776,335,884,
2015-01-09,446,820,764,311,895,
2015-01-12,441,800,762,373,905,
2015-01-13,435,778,766,537,914,
2015-01-14,429,763,766,557,933,
2015-01-15,425,752,766,585,937,
2015-01-16,418,735,759,620,942,
2015-01-19,415,716,751,662,950,
2015-01-20,410,699,741,752,948,
2015-01-21,402,684,725,971,953,
2015-01-22,392,673,704,965,946,
2015-01-23,380,659,685,887,934,
2015-01-26,373,650,669,857,917,
2015-01-27,364,642,648,831,889,
2015-01-28,356,632,620,785,878,
2015-01-29,348,618,550,725,870,
2015-01-30,340,599,508,679,868,
2015-02-02,332,585,480,665,863,
2015-02-03,326,567,454,663,894,
2015-02-04,321,556,437,669,904,
2015-02-05,309,545,428,680,910,
2015-02-06,301,538,430,689,922,
2015-02-09,295,530,434,687,920,
2015-02-10,289,523,446,711,900,
2015-02-11,281,516,469,700,886,
2015-02-12,273,508,489,652,870,
2015-02-13,268,496,499,630,867,
2015-02-16,263,486,505,614,863,
2015-02-17,261,480,508,589,853,
2015-02-18,260,480,514,564,841,
2015-02-19,267,478,516,539,845,
2015-02-20,270,483,514,542,841,
2015-02-23,266,490,512,543,840,
2015-02-24,274,492,514,534,838,
2015-02-25,289,490,519,529,838,
2015-02-26,300,496,531,525,838,
2015-02-27,308,506,540,521,837,
2015-03-02,318,515,551,516,841,
2015-03-03,327,528,564,490,835,
2015-03-04,338,541,576,478,835,
2015-03-05,348,550,583,464,844,
2015-03-06,352,560,587,470,851,
2015-03-09,356,566,590,468,848,
2015-03-10,357,573,591,457,837,
2015-03-11,361,580,588,431,827,
2015-03-12,364,589,586,394,818,
2015-03-13,368,596,585,378,816,
2015-03-16,370,606,588,372,812,
2015-03-17,375,611,595,366,809,
2015-03-18,378,616,604,357,796,
2015-03-19,383,623,613,407,783,
2015-03-20,384,627,617,423,772,
2015-03-23,386,635,617,435,769,
2015-03-24,388,640,609,448,786,
2015-03-25,390,645,602,455,803,
2015-03-26,390,648,599,456,813,
2015-03-27,390,648,597,456,811,
2015-03-30,393,647,600,460,801,
2015-03-31,392,649,598,475,792,
2015-04-01,389,650,596,463,809,
2015-04-02,386,646,589,454,804,
2015-04-07,385,636,584,448,795,
2015-04-08,382,631,585,450,776,
2015-04-09,379,624,591,461,764,
2015-04-10,373,617,600,466,771,
2015-04-13,369,613,609,460,772,
2015-04-14,366,609,619,470,778,
2015-04-15,362,608,626,494,790,
2015-04-16,360,608,636,521,798,
2015-04-17,358,612,642,532,800,
2015-04-20,357,619,646,537,799,
2015-04-21,355,618,659,549,805,
2015-04-22,355,619,669,544,801,
2015-04-23,351,620,680,543,792,
2015-04-24,348,621,685,545,784,
2015-04-27,347,624,687,546,778,
2015-04-28,346,626,685,551,773,
2015-04-29,345,628,673,558,772,
2015-04-30,343,627,658,565,768,
2015-05-01,340,625,647,574,754,
2015-05-05,335,621,633,571,749,
2015-05-06,332,618,618,574,745,
2015-05-07,331,618,603,594,741,
2015-05-08,329,618,594,616,744,
2015-05-11,328,618,586,660,753,
2015-05-12,327,617,583,731,746,
2015-05-13,326,619,584,942,748,
2015-05-14,326,624,580,972,761,
2015-05-15,327,626,579,954,806,
2015-05-18,326,628,578,950,829,
2015-05-19,325,626,574,923,846,
2015-05-20,326,625,565,889,892,
2015-05-21,327,623,556,844,938,
2015-05-22,327,624,549,816,918,
2015-05-26,327,627,540,806,901,
2015-05-27,327,631,530,823,883,
2015-05-28,328,635,525,817,868,
2015-05-29,331,642,524,810,865,
2015-06-01,332,647,522,804,856,
2015-06-02,332,652,528,821,848,
2015-06-03,332,653,544,821,848,
2015-06-04,333,654,570,818,859,
2015-06-05,332,654,596,865,863,
2015-06-08,331,656,608,856,874,
2015-06-09,331,655,630,834,887,
2015-06-10,333,654,662,816,914,
2015-06-11,336,661,696,810,910,
2015-06-12,338,669,719,820,908,
2015-06-15,341,678,742,840,917,
2015-06-16,345,685,772,904,917,
2015-06-17,349,695,817,1045,931,
2015-06-18,351,706,847,1234,969,
2015-06-19,355,715,851,1241,1011,
2015-06-22,355,721,845,1248,1025,
2015-06-23,358,722,834,1300,1046,
2015-06-24,359,721,829,1428,1070,
2015-06-25,361,723,827,1432,1066,
2015-06-26,362,723,833,1393,1054,
2015-06-29,361,723,838,1346,1026,
2015-06-30,361,722,845,1292,989,
2015-07-01,360,715,858,1251,972,
2015-07-02,360,713,883,1226,952,
2015-07-03,361,712,908,1249,936,
2015-07-06,362,716,927,1266,916,
2015-07-07,367,723,945,1285,903,
2015-07-08,373,742,973,1278,888,
2015-07-09,377,750,1016,1279,870,
2015-07-10,384,759,1052,1318,857,
2015-07-13,391,767,1076,1389,835,
2015-07-14,399,774,1096,1394,827,
2015-07-15,409,784,1122,1462,820,
2015-07-16,417,801,1149,1611,824,
2015-07-17,427,823,1162,1712,840,
2015-07-20,431,846,1170,1763,846,
2015-07-21,432,862,1179,1935,854,
2015-07-22,433,875,1179,1952,849,
2015-07-23,431,889,1161,1924,826,
2015-07-24,428,896,1137,1896,817,
2015-07-27,427,899,1115,1935,813,
2015-07-28,425,903,1095,1990,803,
2015-07-29,423,903,1069,2103,792,
2015-07-30,422,898,1044,2116,776,
2015-07-31,423,892,1023,2209,763,
2015-08-03,424,899,1006,2308,755,
2015-08-04,425,900,1001,2512,742,
2015-08-05,427,899,1005,2604,735,
2015-08-06,432,901,1013,2514,726,
2015-08-07,438,904,1021,2512,713,
2015-08-10,443,904,1028,2499,708,
2015-08-11,446,901,1043,2367,694,
2015-08-12,447,900,1053,2107,677,
2015-08-13,448,899,1054,1875,673,
2015-08-14,449,901,1057,1884,673,
2015-08-17,449,905,1057,1913,668,
2015-08-18,449,908,1052,1838,665,
2015-08-19,453,915,1049,1773,654,
2015-08-20,460,920,1052,1679,644,
2015-08-21,464,924,1054,1559,632,
2015-08-24,469,930,1052,1403,622,
2015-08-25,473,933,1047,1248,611,
2015-08-26,477,934,1031,1089,601,
2015-08-27,479,933,1000,1051,595,
2015-08-28,480,931,974,1071,593,
2015-09-01,480,925,949,1176,598,
2015-09-02,481,912,912,1194,609,
2015-09-03,483,896,870,1195,616,
2015-09-04,485,882,837,1187,628,
2015-09-07,482,870,812,1243,633,
2015-09-08,477,857,793,1286,640,
2015-09-09,472,848,776,1256,639,
2015-09-10,468,838,751,1202,642,
2015-09-11,460,824,735,1198,640,
2015-09-14,452,810,723,1185,635,
2015-09-15,445,799,720,1196,629,
2015-09-16,439,789,716,1264,626,
2015-09-17,431,783,727,1637,639,
2015-09-18,426,772,753,1995,658,
2015-09-21,421,762,769,2096,666,
2015-09-22,417,757,769,1873,671,
2015-09-23,414,749,761,1872,674,
2015-09-24,411,742,751,1911,697,
2015-09-25,408,738,744,2024,705,
2015-09-28,402,733,738,2075,706,
2015-09-29,400,724,725,2031,703,
2015-09-30,398,713,712,1936,698,
2015-10-01,396,703,704,1911,715,
2015-10-02,392,695,701,1931,725,
2015-10-05,390,691,699,1901,745,
2015-10-06,386,688,700,1860,754,
2015-10-07,384,681,709,1742,774,
2015-10-08,382,676,736,1598,786,
2015-10-09,380,672,761,1549,790,
2015-10-12,380,669,768,1551,783,
2015-10-13,379,666,770,1531,778,
2015-10-14,379,664,761,1457,769,
2015-10-15,378,662,742,1368,771,
2015-10-16,376,661,722,1318,772,
2015-10-19,371,658,710,1312,771,
2015-10-20,368,656,701,1399,756,
2015-10-21,366,654,693,1483,751,
2015-10-22,365,652,685,1512,749,
2015-10-23,362,649,683,1461,739,
2015-10-26,360,648,681,1403,739,
2015-10-27,356,646,686,1307,737,
2015-10-28,354,645,687,1275,756,
2015-10-29,351,643,682,1254,744,
2015-10-30,349,633,675,1229,750,
2015-11-02,347,629,665,1184,788,
2015-11-03,339,620,653,1099,816,
2015-11-04,333,609,636,1043,823,
2015-11-05,328,596,618,1002,822,
2015-11-06,323,584,603,1003,822,
2015-11-09,319,571,589,1021,828,
2015-11-10,316,562,575,1018,831,
2015-11-11,311,554,555,946,835,
2015-11-12,307,543,534,881,852,
2015-11-13,304,533,514,809,853,
2015-11-16,302,523,500,770,861,
2015-11-17,296,516,487,733,863,
2015-11-18,292,504,477,671,871,
2015-11-19,290,491,468,619,879,
2015-11-20,288,479,463,606,883,
2015-11-23,286,472,461,698,887,
2015-11-24,285,469,460,731,888,
2015-11-25,285,467,463,807,890,
2015-11-26,284,467,459,898,891,
2015-11-27,283,467,456,989,899,
2015-11-30,285,467,453,1007,904,
2015-12-01,286,469,450,1046,907,
2015-12-02,286,471,446,1001,926,
2015-12-03,286,472,438,931,953,
2015-12-04,286,470,433,890,962,
2015-12-07,286,469,426,852,962,
2015-12-08,286,465,420,870,962,
2015-12-09,286,461,412,857,956,
2015-12-10,285,460,408,824,943,
2015-12-11,282,455,410,779,920,
2015-12-14,279,451,410,722,920,
2015-12-15,276,450,411,623,904,
2015-12-16,275,449,415,549,897,564.0
2015-12-17,274,448,421,524,898,565.0
2015-12-18,273,448,426,524,897,565.0
2015-12-21,273,449,433,512,897,568.0
2015-12-22,271,449,445,485,889,571.0
2015-12-23,270,449,457,469,879,577.0
2015-12-24,270,450,462,470,873,578.0
2016-01-04,267,450,464,472,869,580.0
2016-01-05,266,449,466,462,1065,688.0
2016-01-06,263,445,464,467,1057,712.0
2016-01-07,259,442,450,399,1051,719.0
2016-01-08,256,436,434,343,1043,716.0
2016-01-11,251,430,420,314,1016,716.0
2016-01-12,250,422,411,266,988,715.0
2016-01-13,250,416,399,245,957,718.0
2016-01-14,247,412,388,225,929,717.0
2016-01-15,245,402,381,198,906,712.0
2016-01-18,243,394,375,197,897,707.0
2016-01-19,240,388,369,185,882,702.0
2016-01-20,238,381,360,186,882,693.0
2016-01-21,237,372,346,206,876,691.0
2016-01-22,233,366,334,229,870,686.0
2016-01-25,231,358,325,254,859,686.0
2016-01-26,229,350,312,242,838,680.0
2016-01-27,225,338,303,235,820,674.0
2016-01-28,222,327,293,216,812,664.0
2016-01-29,219,316,287,211,806,650.0
2016-02-01,216,304,282,217,817,645.0
2016-02-02,212,299,282,217,815,635.0
2016-02-03,203,289,284,209,808,625.0
2016-02-04,197,280,289,208,802,615.0
2016-02-05,194,271,295,212,800,609.0
2016-02-08,190,262,298,207,795,588.0
2016-02-09,188,255,297,207,791,572.0
2016-02-10,186,250,301,208,787,554.0
2016-02-11,184,247,312,206,793,551.0
2016-02-12,183,244,324,199,813,541.0
2016-02-15,183,243,334,204,819,535.0
2016-02-16,184,247,346,223,816,528.0
2016-02-17,186,252,357,223,809,527.0
2016-02-18,193,259,358,220,807,528.0
2016-02-19,198,270,355,207,806,526.0
2016-02-22,200,286,350,197,799,524.0
2016-02-23,203,298,346,189,788,524.0
2016-02-24,206,310,346,186,779,522.0
2016-02-25,209,321,346,182,767,518.0
2016-02-26,212,328,352,177,751,519.0
2016-02-29,214,333,354,174,740,516.0
2016-03-01,217,339,357,174,730,515.0
2016-03-02,220,345,364,171,722,515.0
2016-03-03,227,350,374,166,717,517.0
2016-03-04,232,363,386,164,715,519.0
2016-03-07,237,371,397,161,720,518.0
2016-03-08,240,377,422,180,738,515.0
2016-03-09,243,386,447,178,756,500.0
2016-03-10,246,399,466,178,771,492.0
2016-03-11,249,412,477,176,794,494.0
2016-03-14,252,420,481,179,833,502.0
2016-03-15,255,427,481,186,861,505.0
2016-03-16,257,432,474,172,870,503.0
2016-03-17,258,439,467,178,865,500.0
2016-03-18,260,445,463,197,872,501.0
2016-03-21,262,449,459,197,866,499.0
2016-03-22,264,460,455,186,848,501.0
2016-03-23,266,464,458,196,819,499.0
2016-03-24,268,468,466,203,803,499.0
2016-03-29,270,473,471,207,809,497.0
2016-03-30,271,474,484,210,818,496.0
2016-03-31,272,475,501,270,837,494.0
2016-04-01,272,476,535,345,840,495.0
2016-04-04,274,476,563,424,833,495.0
2016-04-05,275,479,596,466,808,494.0
2016-04-06,278,479,619,477,786,495.0
2016-04-07,280,482,627,562,774,494.0
2016-04-08,286,485,643,656,752,498.0
2016-04-11,288,488,654,733,752,498.0
2016-04-12,290,492,666,744,755,498.0
2016-04-13,296,498,678,744,764,504.0
2016-04-14,309,506,700,831,782,514.0
2016-04-15,321,514,727,949,788,532.0
2016-04-18,328,525,740,1030,793,536.0
2016-04-19,334,529,746,1065,790,536.0
2016-04-20,342,534,747,1022,787,535.0
2016-04-21,348,543,743,1004,777,539.0
2016-04-22,354,551,736,1085,770,550.0
2016-04-25,356,558,727,1087,775,556.0
2016-04-26,358,562,718,1135,778,555.0
2016-04-27,362,564,704,1160,774,555.0
2016-04-28,365,573,685,1137,749,554.0
2016-04-29,367,578,667,1117,740,552.0
2016-05-03,368,582,640,1055,730,545.0
2016-05-04,365,583,621,954,717,534.0
2016-05-05,365,583,607,915,716,520.0
2016-05-06,359,582,591,892,713,519.0
2016-05-09,355,578,584,837,715,512.0
2016-05-10,352,575,581,752,715,508.0
2016-05-11,349,567,583,713,735,500.0
2016-05-12,347,560,589,724,735,496.0
2016-05-13,347,555,597,798,732,484.0
2016-05-16,347,553,598,854,732,477.0
2016-05-17,345,552,604,988,734,475.0
2016-05-18,342,552,611,954,736,469.0
2016-05-19,342,553,617,906,740,470.0
2016-05-20,343,558,614,870,747,473.0
2016-05-23,344,562,611,870,744,480.0
2016-05-24,345,565,608,848,731,487.0
2016-05-25,346,568,596,799,716,495.0
2016-05-26,347,571,586,793,723,501.0
2016-05-27,347,575,582,830,728,503.0
2016-05-31,351,579,574,854,735,500.0
2016-06-01,355,580,568,861,753,496.0
2016-06-02,354,578,560,854,762,495.0
2016-06-03,349,575,550,913,765,493.0
2016-06-06,345,574,544,922,759,490.0
2016-06-07,344,570,542,920,754,489.0
2016-06-08,338,567,540,973,739,487.0
2016-06-09,332,564,543,995,741,479.0
2016-06-10,327,560,543,1006,736,475.0
2016-06-13,322,557,542,1014,730,473.0
2016-06-14,317,554,543,1018,713,471.0
2016-06-15,315,552,545,1000,705,461.0
2016-06-16,314,552,545,976,712,449.0
2016-06-17,311,554,546,927,714,448.0
2016-06-20,312,555,546,897,718,443.0
2016-06-21,315,559,548,873,711,438.0
2016-06-22,318,563,556,878,705,433.0
2016-06-23,322,570,569,897,710,437.0
2016-06-24,329,577,585,913,713,442.0
2016-06-27,331,583,601,919,714,453.0
2016-06-28,336,587,618,936,703,457.0
2016-06-29,338,593,634,955,695,464.0
2016-06-30,342,606,662,996,694,464.0
2016-07-01,344,619,691,1030,691,464.0
2016-07-04,347,627,710,1049,686,462.0
2016-07-05,349,633,735,1034,679,456.0
2016-07-06,349,637,755,1019,673,448.0
2016-07-07,352,639,779,1008,672,439.0
2016-07-08,354,644,792,1002,669,437.0
2016-07-11,356,647,799,991,666,437.0
2016-07-12,358,651,809,987,654,436.0
2016-07-13,360,666,819,1010,639,432.0
2016-07-14,361,679,842,1020,628,433.0
2016-07-15,363,686,863,1023,620,435.0
2016-07-18,366,693,874,1016,612,442.0
2016-07-19,371,697,879,986,604,445.0
2016-07-20,376,700,872,937,599,450.0
2016-07-21,379,702,850,906,592,459.0
2016-07-22,383,701,827,895,589,462.0
2016-07-25,386,698,806,877,582,463.0
2016-07-26,390,697,784,841,579,461.0
2016-07-27,392,690,752,803,567,462.0
2016-07-28,396,684,719,780,559,464.0
2016-07-29,399,676,692,768,550,466.0
2016-08-01,401,671,673,757,541,465.0
2016-08-02,400,667,658,757,532,462.0
2016-08-03,397,663,648,758,523,459.0
2016-08-04,395,660,641,759,515,458.0
2016-08-05,394,654,640,770,509,458.0
2016-08-08,392,647,638,777,509,452.0
2016-08-09,389,645,642,770,505,447.0
2016-08-10,391,642,659,795,504,449.0
2016-08-11,394,639,687,833,500,449.0
2016-08-12,396,640,703,891,497,451.0
2016-08-15,399,643,713,920,496,450.0
2016-08-16,403,646,721,926,497,455.0
2016-08-17,405,652,726,885,497,460.0
2016-08-18,407,666,727,852,500,462.0
2016-08-19,412,677,727,843,501,461.0
2016-08-22,416,686,721,848,504,463.0
2016-08-23,420,694,714,861,506,462.0
2016-08-24,425,702,706,910,505,456.0
2016-08-25,428,712,700,974,512,454.0
2016-08-26,431,715,687,1001,515,455.0
2016-08-30,432,719,674,986,515,457.0
2016-08-31,432,721,660,978,510,455.0
2016-09-01,433,723,652,1002,515,447.0
2016-09-02,432,721,644,1054,514,441.0
2016-09-05,429,718,640,1079,516,437.0
2016-09-06,425,714,641,1182,517,434.0
2016-09-07,422,702,648,1371,528,427.0
2016-09-08,420,694,655,1478,537,421.0
2016-09-09,419,688,658,1566,536,416.0
2016-09-12,417,681,659,1581,542,408.0
2016-09-13,415,671,656,1607,543,402.0
2016-09-14,415,665,649,1444,548,396.0
2016-09-15,415,661,645,1487,549,389.0
2016-09-16,415,660,646,1680,555,386.0
2016-09-19,416,661,650,1853,561,383.0
2016-09-20,417,660,657,1964,566,387.0
2016-09-21,418,662,673,2118,588,389.0
2016-09-22,420,688,700,2389,602,382.0
2016-09-23,421,671,722,2383,606,380.0
2016-09-26,422,673,739,2325,611,378.0
2016-09-27,422,674,750,2298,618,379.0
2016-09-28,422,676,751,2196,638,375.0
2016-09-29,422,676,741,2067,644,365.0
2016-09-30,421,679,726,2008,638,358.0
2016-10-03,419,681,713,1971,625,352.0
2016-10-04,417,681,705,1970,622,349.0
2016-10-05,415,680,699,2012,616,347.0
2016-10-06,413,678,704,2218,613,346.0
2016-10-07,411,677,717,2245,619,350.0
2016-10-10,410,677,729,2235,621,354.0
2016-10-11,409,676,745,2235,626,357.0
2016-10-12,408,674,763,2154,633,361.0
2016-10-13,410,673,790,2018,641,367.0
2016-10-14,411,674,819,2018,657,385.0
2016-10-17,413,676,838,2003,673,390.0
2016-10-18,417,678,860,1950,674,395.0
2016-10-19,421,682,885,1826,681,407.0
2016-10-20,424,691,905,1637,686,418.0
2016-10-21,427,700,915,1575,692,422.0
2016-10-24,428,705,923,1471,691,428.0
2016-10-25,430,710,925,1348,680,434.0
2016-10-26,430,714,925,1275,667,434.0
2016-10-27,432,719,921,1248,658,430.0
2016-10-28,433,722,913,1417,657,426.0
2016-10-31,435,722,905,1534,660,423.0
2016-11-01,436,721,895,1443,656,417.0
2016-11-02,434,718,885,1451,655,505.0
2016-11-03,434,718,886,1544,670,471.0
2016-11-04,433,716,885,1593,667,445.0
2016-11-07,431,712,889,1636,665,424.0
2016-11-08,431,708,903,1786,659,409.0
2016-11-09,429,703,927,1954,661,398.0
2016-11-10,430,703,956,2010,682,394.0
2016-11-11,428,705,1011,2303,744,391.0
2016-11-14,433,707,1058,2338,750,395.0
2016-11-15,436,713,1162,2282,740,398.0
2016-11-16,443,722,1263,2441,740,411.0
2016-11-17,454,748,1353,2731,786,430.0
2016-11-18,466,809,1388,2752,831,437.0
2016-11-21,477,835,1387,2638,828,447.0
2016-11-22,485,852,1382,2598,834,456.0
2016-11-23,501,874,1387,2507,862,459.0
2016-11-24,512,897,1385,2374,870,459.0
2016-11-25,520,908,1389,2263,886,460.0
2016-11-28,527,904,1400,2260,892,456.0
2016-11-29,532,908,1424,2304,896,448.0
2016-11-30,537,912,1465,2263,895,443.0
2016-12-01,541,917,1486,2206,891,439.0
2016-12-02,543,921,1508,2193,878,436.0
2016-12-05,548,929,1541,2137,889,434.0
2016-12-06,552,934,1563,2067,887,437.0
2016-12-07,557,941,1565,1935,863,439.0
2016-12-08,562,957,1547,1724,868,440.0
2016-12-09,567,966,1508,1575,889,441.0
2016-12-12,576,968,1469,1464,903,443.0
2016-12-13,584,972,1419,1404,887,442.0
2016-12-14,590,975,1332,1169,889,446.0
2016-12-15,596,968,1234,1058,895,470.0
2016-12-16,600,960,1126,1048,909,491.0
2016-12-19,605,953,1037,1039,911,522.0
2016-12-20,605,941,976,1044,910,552.0
2016-12-21,604,926,905,1144,920,595.0
2016-12-22,601,914,866,1219,945,668.0
2016-12-23,597,903,852,1385,936,675.0
2017-01-03,559,843,811,1538,919,678.0
2017-01-04,539,820,807,1674,1088,867.0
2017-01-05,521,795,837,1759,1053,861.0
2017-01-06,508,783,892,1658,1024,854.0
2017-01-09,498,772,927,1598,1026,846.0
2017-01-10,489,766,973,1470,1013,800.0
2017-01-11,477,758,1021,1326,1017,775.0
2017-01-12,466,748,1038,1294,1018,746.0
2017-01-13,459,739,1042,1383,1024,707.0
2017-01-16,455,733,1039,1468,1027,684.0
2017-01-17,451,730,1019,1509,1018,660.0
2017-01-18,448,725,998,1673,1001,642.0
2017-01-19,446,722,981,1665,1006,632.0
2017-01-20,441,718,970,1610,1002,616.0
2017-01-23,437,714,962,1579,997,619.0
2017-01-24,432,708,964,1466,995,624.0
2017-01-25,428,702,972,1369,987,619.0
2017-01-26,424,696,973,1287,977,621.0
2017-01-27,419,692,968,1239,965,615.0
2017-01-30,415,688,964,1205,946,614.0
2017-01-31,402,679,951,1167,930,606.0
2017-02-01,395,674,933,1122,901,603.0
2017-02-02,386,670,926,1064,877,595.0
2017-02-03,382,667,922,981,864,591.0
2017-02-06,377,665,922,911,858,585.0
2017-02-07,375,663,931,803,856,582.0
2017-02-08,378,665,934,725,846,580.0
2017-02-09,377,668,940,728,842,581.0
2017-02-10,377,672,943,687,846,581.0
2017-02-13,376,676,944,609,847,582.0
2017-02-14,379,681,939,567,851,577.0
2017-02-15,382,689,933,556,862,586.0
2017-02-16,387,707,923,620,850,596.0
2017-02-17,391,729,917,739,869,605.0
2017-02-20,396,747,909,791,863,612.0
2017-02-21,402,764,906,856,859,613.0
2017-02-22,410,783,908,951,857,612.0
2017-02-23,420,797,927,1134,852,614.0
2017-02-24,428,809,947,1165,856,614.0
2017-02-27,436,817,966,1151,857,609.0
2017-02-28,444,825,995,1021,847,606.0
2017-03-01,451,833,1041,994,835,601.0
2017-03-02,457,840,1084,1097,831,601.0
2017-03-03,462,846,1118,1227,837,603.0
2017-03-06,468,852,1154,1345,841,611.0
2017-03-07,477,861,1194,1556,838,617.0
2017-03-08,485,868,1220,1578,839,620.0
2017-03-09,491,872,1220,1678,859,634.0
2017-03-10,495,874,1211,1789,862,638.0
2017-03-13,499,875,1207,1843,850,644.0
2017-03-14,502,877,1185,1929,850,646.0
2017-03-15,505,877,1150,2136,847,660.0
2017-03-16,508,877,1129,2265,835,680.0
2017-03-17,508,879,1108,2413,832,701.0
2017-03-20,510,884,1103,2466,824,720.0
2017-03-21,512,886,1101,2441,824,748.0
2017-03-22,516,888,1119,2378,826,767.0
2017-03-23,521,892,1170,2345,816,790.0
2017-03-24,526,896,1218,2482,812,807.0
2017-03-27,530,895,1253,2620,804,806.0
2017-03-28,535,893,1306,2765,799,803.0
2017-03-29,538,885,1346,2755,802,792.0
2017-03-30,539,882,1366,2690,800,784.0
2017-03-31,540,881,1374,2597,794,771.0
2017-04-03,541,882,1379,2518,790,751.0
2017-04-04,542,881,1377,2382,781,739.0
2017-04-05,543,880,1371,2229,778,704.0
2017-04-06,545,882,1387,2184,773,679.0
2017-04-07,547,886,1427,2173,777,672.0
2017-04-10,549,888,1466,2165,775,665.0
2017-04-11,552,891,1533,2227,776,661.0
2017-04-12,554,893,1583,2252,776,646.0
2017-04-13,560,899,1611,2249,790,639.0
2017-04-18,563,898,1621,2220,800,645.0
2017-04-19,568,900,1612,2130,814,638.0
2017-04-20,572,899,1553,1991,819,643.0
2017-04-21,575,895,1494,1830,819,660.0
2017-04-24,577,892,1429,1780,812,661.0
2017-04-25,577,887,1371,1767,812,654.0
2017-04-26,576,881,1320,1790,802,646.0
2017-04-27,569,870,1260,1798,797,637.0
2017-04-28,559,861,1187,1779,786,620.0
2017-05-02,550,849,1140,1668,785,613.0
2017-05-03,540,835,1096,1542,778,590.0
2017-05-04,532,822,1048,1458,767,579.0
2017-05-05,523,811,1023,1480,768,570.0
2017-05-08,517,799,1009,1571,774,566.0
2017-05-09,512,794,1007,1635,775,558.0
2017-05-10,510,790,1011,1645,772,550.0
2017-05-11,510,787,1006,1695,763,546.0
2017-05-12,509,784,992,1725,748,545.0
2017-05-15,508,782,978,1661,741,540.0
2017-05-16,507,778,956,1632,742,536.0
2017-05-17,505,771,925,1590,737,522.0
2017-05-18,504,764,894,1638,757,523.0
2017-05-19,502,759,870,1668,765,516.0
2017-05-22,496,753,854,1704,785,513.0
2017-05-23,486,746,850,1706,799,516.0
2017-05-24,478,737,849,1654,821,520.0
2017-05-25,473,728,848,1595,825,538.0
2017-05-26,469,721,845,1591,814,540.0
2017-05-30,461,712,842,1564,807,549.0
2017-05-31,455,698,829,1511,785,556.0
2017-06-01,449,685,810,1430,768,558.0
2017-06-02,446,674,792,1374,756,559.0
2017-06-05,441,666,789,1353,742,554.0
2017-06-06,434,658,783,1366,733,548.0
2017-06-07,429,652,783,1379,718,546.0
2017-06-08,425,649,793,1381,708,545.0
2017-06-09,425,654,813,1438,705,540.0
2017-06-12,424,658,833,1481,702,539.0
2017-06-13,424,665,865,1442,700,533.0
2017-06-14,427,679,903,1362,699,529.0
2017-06-15,431,690,938,1277,705,522.0
2017-06-16,435,701,964,1213,704,517.0
2017-06-19,437,708,984,1169,702,522.0
2017-06-20,441,717,1017,1110,699,521.0
2017-06-21,445,724,1070,1020,690,527.0
2017-06-22,447,734,1109,993,688,537.0
2017-06-23,451,744,1138,987,686,546.0
2017-06-26,454,750,1145,1005,683,559.0
2017-06-27,458,757,1151,1066,681,564.0
2017-06-28,459,761,1150,1170,671,570.0
2017-06-29,464,758,1119,1146,670,568.0
2017-06-30,467,754,1091,1086,668,569.0
2017-07-03,468,751,1068,1032,663,563.0
2017-07-04,470,747,1062,997,659,562.0
2017-07-05,470,742,1060,901,656,563.0
2017-07-06,470,735,1063,818,656,566.0
2017-07-07,471,732,1062,753,647,583.0
2017-07-10,474,729,1061,730,649,580.0
2017-07-11,477,733,1069,755,651,569.0
2017-07-12,480,744,1098,846,651,567.0
2017-07-13,484,758,1141,928,647,565.0
2017-07-14,486,769,1173,933,644,557.0
2017-07-17,489,776,1202,933,644,551.0
2017-07-18,492,786,1226,984,648,549.0
2017-07-19,495,798,1252,1028,643,546.0
2017-07-20,497,807,1260,1093,642,545.0
2017-07-21,499,812,1258,1154,649,548.0
2017-07-24,500,814,1248,1171,655,550.0
2017-07-25,500,813,1225,1221,649,549.0
2017-07-26,500,807,1192,1206,646,556.0
2017-07-27,500,798,1146,1138,647,551.0
2017-07-28,498,789,1109,1139,644,545.0
2017-07-31,496,783,1095,1225,640,544.0
2017-08-01,492,779,1098,1331,639,541.0
2017-08-02,488,772,1118,1475,632,543.0
2017-08-03,482,767,1143,1602,632,552.0
2017-08-04,478,764,1153,1637,628,556.0
2017-08-07,475,762,1158,1655,619,556.0
2017-08-08,472,759,1170,1659,614,556.0
2017-08-09,467,756,1192,1702,616,556.0
2017-08-10,466,756,1228,1837,618,555.0
2017-08-11,466,759,1256,2013,620,552.0
2017-08-14,465,760,1272,2093,621,551.0
2017-08-15,464,765,1289,2155,618,546.0
2017-08-16,464,776,1310,2324,617,530.0
2017-08-17,465,791,1336,2542,620,517.0
2017-08-18,465,806,1345,2574,618,520.0
2017-08-21,466,817,1349,2584,621,511.0
2017-08-22,468,824,1345,2489,622,511.0
2017-08-23,470,833,1311,2382,621,511.0
2017-08-24,473,840,1259,2333,620,510.0
2017-08-25,474,845,1235,2406,627,508.0
2017-08-29,477,848,1215,2381,643,521.0
2017-08-30,482,851,1195,2282,659,564.0
2017-08-31,486,853,1189,2293,667,648.0
2017-09-01,486,856,1198,2264,677,703.0
2017-09-04,487,860,1227,2243,682,737.0
2017-09-05,491,863,1275,2313,691,674.0
2017-09-06,494,868,1314,2438,698,624.0
2017-09-07,499,875,1351,2614,699,607.0
2017-09-08,504,888,1375,2767,701,609.0
2017-09-11,509,898,1394,2813,707,590.0
2017-09-12,513,908,1429,2724,715,580.0
2017-09-13,520,923,1464,2628,725,560.0
2017-09-14,529,950,1499,2642,732,548.0
2017-09-15,536,977,1521,2685,739,545.0
2017-09-18,551,997,1529,2681,744,548.0
2017-09-19,562,1017,1536,2723,744,575.0
2017-09-20,576,1033,1531,2861,740,587.0
2017-09-21,586,1050,1514,2948,751,610.0
2017-09-22,596,1061,1493,3147,760,617.0
2017-09-25,602,1068,1474,3173,772,621.0
2017-09-26,607,1065,1446,3101,781,629.0
2017-09-27,613,1054,1406,2942,780,652.0
2017-09-28,616,1041,1352,2824,783,666.0
2017-09-29,616,1021,1308,2738,782,671.0
2017-10-02,614,1006,1268,2671,776,667.0
2017-10-03,612,984,1247,2618,775,651.0
2017-10-04,609,968,1276,2667,758,634.0
2017-10-05,607,965,1345,2888,760,622.0
2017-10-06,610,971,1406,2929,766,617.0
2017-10-09,613,978,1438,2906,776,615.0
2017-10-10,618,996,1465,2894,783,609.0
2017-10-11,623,1020,1504,2882,818,599.0
2017-10-12,635,1050,1556,2859,856,591.0
2017-10-13,649,1069,1606,2871,870,573.0
2017-10-16,656,1082,1637,2980,903,563.0
2017-10-17,663,1094,1651,3079,913,551.0
2017-10-18,666,1105,1646,3134,916,544.0
2017-10-19,673,1116,1648,3186,907,540.0
2017-10-20,679,1126,1643,3145,902,531.0
2017-10-23,683,1128,1642,3187,896,527.0
2017-10-24,687,1130,1626,3202,899,520.0
2017-10-25,690,1129,1592,3202,901,515.0
2017-10-26,688,1117,1553,3182,912,515.0
2017-10-27,687,1100,1517,3220,920,516.0
2017-10-30,685,1081,1498,3217,914,524.0
2017-10-31,679,1060,1492,3219,904,523.0
2017-11-01,673,1043,1503,3137,871,528.0
2017-11-02,668,1027,1539,3059,867,534.0
2017-11-03,664,1014,1562,3036,855,539.0
2017-11-06,661,1001,1567,3044,843,540.0
2017-11-07,658,988,1558,3101,820,542.0
2017-11-08,654,961,1515,3259,814,542.0
2017-11-09,648,936,1468,3349,807,544.0
2017-11-10,644,912,1418,3360,802,546.0
2017-11-13,642,888,1387,3351,803,550.0
2017-11-14,640,872,1346,3209,796,556.0
2017-11-15,637,858,1320,3108,790,570.0
2017-11-16,634,849,1298,3084,787,582.0
2017-11-17,630,845,1285,3153,790,594.0
2017-11-20,628,850,1280,3214,809,590.0
2017-11-21,625,856,1275,3255,827,594.0
2017-11-22,624,875,1281,3298,827,595.0
2017-11-23,622,899,1284,3420,826,599.0
2017-11-24,620,914,1295,3453,820,600.0
2017-11-27,619,923,1299,3540,812,602.0
2017-11-28,620,929,1320,3659,798,603.0
2017-11-29,622,936,1368,3740,799,611.0
2017-11-30,623,941,1433,3848,794,615.0
2017-12-01,626,944,1494,4025,806,634.0
2017-12-04,626,944,1559,4129,820,649.0
2017-12-05,628,944,1571,4115,821,677.0
2017-12-06,629,945,1563,4126,822,688.0
2017-12-07,630,944,1564,4147,824,685.0
2017-12-08,631,943,1588,4193,823,679.0
2017-12-11,632,939,1624,4272,814,686.0
2017-12-12,633,942,1672,4293,814,684.0
2017-12-13,633,943,1718,4211,812,686.0
2017-12-14,635,944,1714,3936,812,694.0
2017-12-15,636,942,1677,3777,814,702.0
2017-12-18,637,943,1643,3656,815,707.0
2017-12-19,636,938,1593,3510,820,722.0
2017-12-20,632,933,1546,3216,824,723.0
2017-12-21,627,925,1445,3115,825,722.0
2017-12-22,625,914,1395,2830,831,719.0
2018-01-02,612,901,1340,2281,827,720.0
2018-01-03,607,894,1332,2426,700,655.0
2018-01-04,604,884,1365,2715,683,653.0
2018-01-05,600,884,1400,2791,676,653.0
2018-01-08,594,886,1424,2826,680,656.0
2018-01-09,592,889,1428,2820,682,646.0
2018-01-10,589,898,1404,2677,691,628.0
2018-01-11,587,902,1371,2384,685,616.0
2018-01-12,587,907,1348,2296,681,609.0
2018-01-15,585,908,1340,2231,684,602.0
2018-01-16,583,910,1329,2010,693,583.0
2018-01-17,581,910,1317,1743,717,569.0
2018-01-18,580,910,1311,1611,715,566.0
2018-01-19,584,911,1333,1493,707,570.0
2018-01-22,585,913,1362,1445,705,567.0
2018-01-23,586,911,1404,1525,702,564.0
2018-01-24,584,908,1456,1676,694,569.0
2018-01-25,581,904,1481,1752,691,571.0
2018-01-26,577,900,1492,1772,683,589.0
2018-01-29,573,895,1485,1784,682,623.0
2018-01-30,566,889,1450,1748,679,637.0
2018-01-31,558,884,1411,1613,670,628.0
2018-02-01,552,877,1378,1528,664,602.0
2018-02-02,547,872,1359,1470,661,598.0
2018-02-05,543,865,1339,1433,658,606.0
2018-02-06,538,857,1316,1519,654,606.0
2018-02-07,532,844,1293,1578,648,615.0
2018-02-08,529,833,1263,1662,648,614.0
2018-02-09,526,825,1250,1790,643,619.0
2018-02-12,520,819,1237,1824,642,632.0
2018-02-13,518,817,1228,1793,640,634.0
2018-02-14,516,823,1231,1721,637,642.0
2018-02-15,515,832,1251,1663,642,638.0
2018-02-16,515,837,1273,1608,649,630.0
2018-02-19,517,840,1294,1597,649,628.0
2018-02-20,519,847,1333,1678,645,623.0
2018-02-21,522,856,1388,1717,641,613.0
2018-02-22,529,871,1438,1725,640,617.0
2018-02-23,534,892,1481,1722,645,618.0
2018-02-26,538,919,1504,1680,646,622.0
2018-02-27,545,948,1513,1595,652,618.0
2018-02-28,557,973,1513,1560,658,621.0
2018-03-01,579,992,1505,1568,658,622.0
2018-03-02,586,1004,1500,1592,662,604.0
2018-03-05,590,1006,1502,1597,669,600.0
2018-03-06,595,1013,1528,1587,664,598.0
2018-03-07,599,1020,1553,1495,654,596.0
2018-03-08,607,1026,1590,1489,648,590.0
2018-03-09,611,1032,1615,1479,651,585.0
2018-03-12,615,1040,1624,1425,653,580.0
2018-03-13,617,1049,1623,1362,648,577.0
2018-03-14,622,1061,1623,1312,642,567.0
2018-03-15,626,1077,1619,1238,641,563.0
2018-03-16,627,1091,1618,1203,639,564.0
2018-03-19,629,1099,1621,1171,635,564.0
2018-03-20,630,1109,1615,1112,636,559.0
2018-03-21,634,1117,1606,1109,645,561.0
2018-03-22,639,1122,1593,1129,649,560.0
2018-03-23,641,1121,1587,1157,652,554.0
2018-03-26,645,1116,1575,1197,656,557.0
2018-03-27,648,1106,1552,1191,658,563.0
2018-03-28,650,1093,1520,1065,662,563.0
2018-03-29,652,1080,1495,1010,662,563.0
2018-04-03,650,1067,1455,924,661,560.0
2018-04-04,648,1056,1397,841,651,543.0
2018-04-05,644,1042,1343,809,648,520.0
2018-04-06,643,1032,1317,824,646,510.0
2018-04-09,638,1024,1315,854,643,501.0
2018-04-10,636,1016,1319,930,637,498.0
2018-04-11,634,1014,1325,940,631,510.0
2018-04-12,630,1014,1335,982,628,523.0
2018-04-13,628,1013,1351,1038,639,525.0
2018-04-16,626,1016,1359,1061,640,529.0
2018-04-17,626,1018,1353,1152,638,535.0
2018-04-18,626,1022,1329,1402,636,538.0
2018-04-19,623,1022,1306,1668,635,554.0
2018-04-20,621,1025,1289,1915,637,557.0
2018-04-23,621,1027,1281,2009,637,558.0
2018-04-24,617,1030,1269,2130,639,555.0
2018-04-25,614,1037,1264,2314,637,557.0
2018-04-26,610,1040,1272,2306,639,563.0
2018-04-27,605,1042,1275,2251,648,571.0
2018-04-30,603,1045,1276,2173,655,571.0
2018-05-01,601,1043,1271,2136,656,567.0
2018-05-02,597,1043,1271,2197,655,560.0
2018-05-03,591,1047,1266,2308,647,545.0
2018-05-04,589,1050,1265,2337,648,546.0
2018-05-08,585,1051,1257,2482,650,545.0
2018-05-09,585,1048,1253,2616,655,541.0
2018-05-10,584,1052,1246,2565,656,541.0
2018-05-11,584,1053,1245,2630,656,540.0
2018-05-14,585,1055,1240,2635,657,542.0
2018-05-15,586,1053,1237,2602,656,540.0
2018-05-16,587,1056,1237,2407,667,532.0
2018-05-17,589,1064,1239,2106,681,529.0
2018-05-18,590,1069,1241,2053,692,524.0
2018-05-21,591,1071,1243,1957,714,525.0
2018-05-22,590,1074,1239,1854,729,526.0
2018-05-23,591,1074,1222,1759,748,535.0
2018-05-24,590,1074,1202,1551,761,546.0
2018-05-25,587,1071,1187,1395,776,558.0
2018-05-29,586,1068,1163,1324,781,563.0
2018-05-30,584,1064,1149,1276,779,569.0
2018-05-31,583,1063,1160,1401,768,555.0
2018-06-01,583,1061,1192,1602,754,555.0
2018-06-04,583,1061,1217,1712,754,549.0
2018-06-05,584,1065,1250,1835,749,546.0
2018-06-06,583,1065,1290,2088,745,541.0
2018-06-07,583,1072,1344,2220,735,538.0
2018-06-08,584,1075,1418,2151,731,535.0
2018-06-11,586,1078,1451,2091,734,531.0
2018-06-12,588,1084,1474,2068,746,525.0
2018-06-13,591,1088,1488,2091,751,522.0
2018-06-14,592,1089,1498,2184,768,518.0
2018-06-15,593,1091,1495,2223,760,518.0
2018-06-18,595,1092,1482,2228,746,515.0
2018-06-19,594,1093,1458,2187,736,511.0
2018-06-20,593,1094,1419,2090,743,507.0
2018-06-21,592,1094,1382,2038,743,506.0
2018-06-22,593,1092,1355,2011,742,507.0
2018-06-25,592,1085,1339,2001,745,506.0
2018-06-26,589,1078,1321,1986,745,503.0
2018-06-27,585,1067,1324,1942,735,500.0
2018-06-28,583,1055,1331,2025,727,496.0
2018-06-29,581,1042,1336,2170,724,493.0
2018-07-02,575,1034,1338,2304,712,496.0
2018-07-03,571,1025,1336,2478,705,500.0
2018-07-04,569,1017,1334,2743,702,501.0
2018-07-05,565,1005,1339,3013,705,501.0
2018-07-06,563,999,1347,3086,710,502.0
2018-07-09,562,997,1367,3016,721,502.0
2018-07-10,560,994,1431,2792,729,501.0
2018-07-11,558,992,1498,2793,732,499.0
2018-07-12,558,994,1517,3041,741,499.0
2018-07-13,559,995,1527,3156,738,500.0
2018-07-16,559,998,1529,3238,744,499.0
2018-07-17,561,1003,1530,3335,738,499.0
2018-07-18,561,1008,1529,3230,723,494.0
2018-07-19,561,1016,1538,3130,714,494.0
2018-07-20,560,1023,1557,3205,713,496.0
2018-07-23,560,1028,1566,3304,723,500.0
2018-07-24,559,1030,1581,3461,727,507.0
2018-07-25,556,1033,1588,3462,748,511.0
2018-07-26,554,1034,1583,3303,753,512.0
2018-07-27,553,1035,1588,3197,755,508.0
2018-07-30,551,1035,1587,3280,759,503.0
2018-07-31,549,1035,1570,3471,768,500.0
2018-08-01,547,1036,1539,3515,768,498.0
2018-08-02,544,1032,1491,3534,760,492.0
2018-08-03,543,1030,1447,3632,756,490.0
2018-08-06,542,1030,1420,3654,758,487.0
2018-08-07,541,1032,1386,3550,749,483.0
2018-08-08,541,1035,1365,3483,733,480.0
2018-08-09,543,1036,1349,3472,725,478.0
2018-08-10,542,1039,1339,3480,717,479.0
2018-08-13,543,1040,1339,3536,713,489.0
2018-08-14,543,1042,1362,3587,715,492.0
2018-08-15,543,1045,1403,3560,723,492.0
2018-08-16,544,1050,1447,3476,731,491.0
2018-08-17,545,1056,1485,3454,736,490.0
2018-08-20,543,1062,1506,3424,753,489.0
2018-08-21,543,1069,1530,3426,774,486.0
2018-08-22,548,1078,1560,3371,792,484.0
2018-08-23,547,1087,1607,3232,791,481.0
2018-08-24,551,1095,1630,3164,794,480.0
2018-08-28,554,1110,1643,3088,804,479.0
2018-08-29,556,1121,1639,2994,795,478.0
2018-08-30,559,1128,1608,2826,789,476.0
2018-08-31,562,1132,1571,2732,787,484.0
2018-09-03,563,1133,1540,2672,786,501.0
2018-09-04,564,1135,1517,2535,780,499.0
2018-09-05,565,1135,1504,2410,772,516.0
2018-09-06,565,1135,1516,2424,778,526.0
2018-09-07,568,1134,1528,2411,778,534.0
2018-09-10,569,1136,1544,2363,785,532.0
2018-09-11,572,1135,1556,2191,784,532.0
2018-09-12,576,1134,1550,2074,774,520.0
2018-09-13,581,1132,1534,1980,769,518.0
2018-09-14,588,1134,1523,1900,770,511.0
2018-09-17,596,1138,1518,1853,765,513.0
2018-09-18,600,1151,1525,1826,763,508.0
2018-09-19,604,1159,1530,1850,766,502.0
2018-09-20,612,1169,1557,1838,773,499.0
2018-09-21,617,1175,1586,1840,780,503.0
2018-09-24,622,1185,1609,1864,791,511.0
2018-09-25,622,1190,1639,1868,794,516.0
2018-09-26,626,1194,1677,1910,801,521.0
2018-09-27,627,1195,1689,1949,804,531.0
2018-09-28,629,1194,1695,2000,805,541.0
2018-10-01,630,1193,1692,2061,791,550.0
2018-10-02,631,1189,1678,2148,793,549.0
2018-10-03,633,1190,1679,2199,801,551.0
2018-10-04,634,1192,1706,2148,808,558.0
2018-10-05,637,1197,1727,2081,837,587.0
2018-10-08,639,1201,1749,2042,853,596.0
2018-10-09,643,1203,1747,1961,858,590.0
2018-10-10,647,1205,1749,1949,875,592.0
2018-10-11,652,1207,1763,2005,890,597.0
2018-10-12,657,1204,1775,2169,913,594.0
2018-10-15,661,1200,1779,2189,921,598.0
2018-10-16,663,1196,1793,2164,922,600.0
2018-10-17,665,1192,1796,2106,947,600.0
2018-10-18,668,1181,1789,2176,963,598.0
2018-10-19,670,1170,1775,2230,988,589.0
2018-10-22,671,1163,1756,2296,1024,587.0
2018-10-23,673,1156,1715,2363,1051,582.0
2018-10-24,675,1144,1669,2388,1066,577.0
2018-10-25,676,1132,1622,2353,1099,569.0
2018-10-26,675,1117,1583,2526,1121,571.0
2018-10-29,675,1106,1556,2607,1141,573.0
2018-10-30,675,1087,1530,2630,1153,571.0
2018-10-31,671,1073,1524,2596,1150,567.0
2018-11-01,668,1061,1526,2530,1157,569.0
2018-11-02,666,1051,1530,2502,1152,574.0
2018-11-05,665,1041,1531,2397,1143,576.0
2018-11-06,663,1033,1528,2296,1134,583.0
2018-11-07,660,1021,1511,1968,1116,608.0
2018-11-08,658,1013,1496,1747,1104,614.0
2018-11-09,656,1003,1495,1461,1097,634.0
2018-11-12,654,994,1496,1398,1092,652.0
2018-11-13,653,986,1498,1153,1086,654.0
2018-11-14,652,982,1484,940,1082,652.0
2018-11-15,649,970,1466,1007,1091,651.0
2018-11-16,646,969,1453,1057,1099,649.0
2018-11-19,645,964,1437,1050,1106,646.0
2018-11-20,644,963,1416,1002,1103,645.0
2018-11-21,642,959,1393,1056,1107,643.0
2018-11-22,638,956,1378,1089,1104,650.0
2018-11-23,635,952,1376,1358,1126,654.0
2018-11-26,633,947,1389,1789,1130,660.0
2018-11-27,631,943,1416,2170,1127,669.0
2018-11-28,629,942,1444,2121,1131,695.0
2018-11-29,628,945,1455,1950,1133,750.0
2018-11-30,626,944,1463,1755,1135,780.0
2018-12-03,626,945,1469,1638,1132,792.0
2018-12-04,625,949,1474,1739,1129,840.0
2018-12-05,625,950,1472,1925,1146,861.0
2018-12-06,625,951,1473,2080,1160,876.0
2018-12-07,625,953,1469,2197,1168,886.0
2018-12-10,624,955,1464,2244,1167,894.0
2018-12-11,623,958,1454,2183,1180,897.0
2018-12-12,622,963,1445,2153,1212,909.0
2018-12-13,621,968,1459,2180,1218,919.0
2018-12-14,617,974,1478,2383,1223,917.0
2018-12-17,614,978,1490,2433,1223,909.0
2018-12-18,611,977,1494,2393,1230,895.0
2018-12-19,607,979,1492,2264,1240,860.0
2018-12-20,602,979,1473,2071,1266,844.0
2018-12-21,597,977,1437,1913,1258,833.0
2018-12-24,596,975,1421,1905,1256,823.0
2019-01-02,588,967,1391,1987,1009,666.0
2019-01-03,578,958,1365,1963,999,657.0
2019-01-04,571,946,1331,2003,982,656.0
2019-01-07,563,933,1300,2016,973,666.0
2019-01-08,556,918,1257,2117,967,684.0
2019-01-09,546,893,1218,2078,957,683.0
2019-01-10,536,870,1170,1987,930,674.0
2019-01-11,524,842,1137,1966,929,667.0
2019-01-14,511,814,1118,1952,925,659.0
2019-01-15,499,785,1104,1831,920,655.0
2019-01-16,483,755,1079,1748,899,665.0
2019-01-17,466,729,1045,1868,891,665.0
2019-01-18,451,701,1018,2037,873,661.0
2019-01-21,442,680,991,2024,875,659.0
2019-01-22,432,660,950,1892,868,664.0
2019-01-23,423,638,893,1775,866,668.0
2019-01-24,409,607,828,1726,875,668.0
2019-01-25,395,576,748,1730,877,672.0
2019-01-28,384,552,687,1631,874,669.0
2019-01-29,368,526,644,1508,872,667.0
2019-01-30,347,498,612,1295,859,659.0
2019-01-31,328,472,574,1116,848,653.0
2019-02-01,311,450,560,1014,843,649.0
2019-02-04,301,438,552,984,824,640.0
2019-02-05,294,423,553,972,806,636.0
2019-02-06,294,415,553,929,805,633.0
2019-02-07,290,414,561,846,797,629.0
2019-02-08,290,415,574,792,795,624.0
2019-02-11,292,429,586,736,791,618.0
2019-02-12,296,454,600,711,790,624.0
2019-02-13,302,478,611,707,798,618.0
2019-02-14,311,526,619,729,806,613.0
2019-02-15,315,560,624,727,818,609.0
2019-02-18,322,594,628,713,819,605.0
2019-02-19,335,625,639,650,828,607.0
2019-02-20,345,649,649,578,831,605.0
2019-02-21,353,686,657,570,828,594.0
2019-02-22,359,707,666,545,823,595.0
2019-02-25,366,721,685,520,801,588.0
2019-02-26,372,729,713,522,799,583.0
2019-02-27,382,738,752,500,796,580.0
2019-02-28,388,749,813,459,781,576.0
2019-03-01,393,759,863,383,774,575.0
2019-03-04,397,767,900,355,762,581.0
2019-03-05,407,776,924,299,754,585.0
2019-03-06,413,783,938,270,753,584.0
2019-03-07,418,790,926,236,747,577.0
2019-03-08,421,790,894,235,742,575.0
2019-03-11,424,790,866,250,737,575.0
2019-03-12,429,789,839,278,743,580.0
2019-03-13,430,789,823,327,740,588.0
2019-03-14,434,786,841,403,737,603.0
2019-03-15,437,786,883,520,735,606.0
2019-03-18,440,787,905,476,730,613.0
2019-03-19,443,789,922,421,715,627.0
2019-03-20,446,796,962,399,705,634.0
2019-03-21,449,813,1009,288,700,650.0
2019-03-22,455,826,1027,251,695,669.0
2019-03-25,458,830,1036,230,688,684.0
2019-03-26,463,833,1053,190,678,703.0
2019-03-27,466,831,1056,178,663,723.0
2019-03-28,467,823,1087,167,651,744.0
2019-03-29,464,813,1102,150,648,737.0
2019-04-01,461,807,1110,122,640,734.0
2019-04-02,455,795,1120,92,632,709.0
2019-04-03,448,775,1127,104,623,676.0
2019-04-04,437,757,1124,210,618,644.0
2019-04-05,432,742,1114,276,617,614.0
2019-04-08,425,733,1101,312,610,604.0
2019-04-09,419,726,1085,375,618,600.0
2019-04-10,411,718,1074,428,620,596.0
2019-04-11,406,715,1071,423,634,592.0
2019-04-12,403,711,1073,418,639,586.0
2019-04-15,399,714,1092,445,639,577.0
2019-04-16,397,718,1119,459,643,574.0
2019-04-17,394,726,1147,463,652,584.0
2019-04-18,390,732,1162,490,653,576.0
2019-04-23,391,751,1171,572,644,571.0
2019-04-24,392,773,1177,648,636,573.0
2019-04-25,391,781,1182,691,635,586.0
2019-04-26,389,780,1186,783,640,584.0
2019-04-29,386,777,1189,884,638,581.0
2019-04-30,384,768,1188,1276,634,567.0
2019-05-01,386,763,1187,1389,635,553.0
2019-05-02,384,755,1189,1420,638,546.0
2019-05-03,382,752,1190,1290,645,536.0
2019-05-07,382,761,1189,1119,662,514.0
2019-05-08,382,770,1188,1159,672,523.0
2019-05-09,382,776,1193,1270,680,521.0
2019-05-10,382,779,1198,1371,697,516.0
2019-05-13,382,782,1211,1405,703,510.0
2019-05-14,381,783,1229,1462,704,505.0
2019-05-15,381,784,1243,1417,697,504.0
2019-05-16,383,783,1252,1428,683,507.0
2019-05-17,385,780,1255,1463,678,512.0
2019-05-20,386,778,1256,1470,674,516.0
2019-05-21,388,777,1258,1501,673,521.0
2019-05-22,389,778,1268,1537,672,522.0
2019-05-23,391,779,1287,1558,666,524.0
2019-05-24,393,778,1304,1545,665,527.0
2019-05-28,394,771,1322,1585,658,539.0
2019-05-29,395,763,1337,1659,651,541.0
2019-05-30,397,756,1340,1623,643,538.0
2019-05-31,398,752,1335,1620,636,537.0
2019-06-03,401,748,1325,1650,634,523.0
2019-06-04,403,739,1304,1739,633,515.0
2019-06-05,405,731,1285,1806,632,518.0
2019-06-06,408,726,1246,1826,635,521.0
2019-06-07,412,719,1213,1862,643,521.0
2019-06-10,411,717,1187,1848,645,517.0
2019-06-11,414,714,1166,1798,654,507.0
2019-06-12,416,712,1149,1746,653,499.0
2019-06-13,419,710,1137,1718,657,494.0
2019-06-14,420,716,1131,1800,662,491.0
2019-06-17,422,720,1125,1826,668,492.0
2019-06-18,428,728,1117,1956,677,495.0
2019-06-19,432,736,1110,2051,676,498.0
2019-06-20,437,743,1101,2080,681,505.0
2019-06-21,440,751,1096,2278,679,510.0
2019-06-24,442,756,1111,2363,678,543.0
2019-06-25,442,765,1150,2389,679,550.0
2019-06-26,442,774,1191,2440,678,543.0
2019-06-27,443,783,1243,2465,677,536.0
2019-06-28,442,787,1286,2488,680,539.0
2019-07-01,441,792,1317,2557,679,543.0
2019-07-02,439,796,1370,2717,673,547.0
2019-07-03,440,803,1433,2939,660,551.0
2019-07-04,443,814,1569,3298,652,545.0
2019-07-05,448,820,1665,3346,650,542.0
2019-07-08,454,829,1695,3260,645,536.0
2019-07-09,458,835,1739,3343,640,529.0
2019-07-10,463,845,1791,3361,633,524.0
2019-07-11,468,860,1881,3416,631,525.0
2019-07-12,472,879,1945,3541,628,524.0
2019-07-15,472,888,1992,3724,627,523.0
2019-07-16,477,905,2052,3968,623,513.0
2019-07-17,481,928,2085,4095,627,501.0
2019-07-18,486,953,2134,4256,625,491.0
2019-07-19,492,982,2170,4379,622,480.0
2019-07-22,497,1002,2201,4438,624,478.0
2019-07-23,503,1017,2219,4315,626,473.0
2019-07-24,506,1019,2209,3808,628,471.0
2019-07-25,512,1012,2180,3609,634,469.0
2019-07-26,515,1005,2109,3647,634,466.0
2019-07-29,516,996,2050,3660,632,461.0
2019-07-30,516,988,1969,3664,624,455.0
2019-07-31,516,982,1891,3657,621,456.0
